Título,Descripción,Rate,Precio
Villa en Tepoztlán,Casa con alberca en el centro de Tepoztlan,4.9 (383),"$968 MXN 
noche
$968 MXN por noche"
Residencia en Tepoztlán,1 cama,4.96 (47),"$4,490 MXN 
noche
$4,490 MXN por noche"
Villa en Tepoztlán,11–16 de feb.,4.96 (46),"$3,033 MXN 
$2,100 MXN 
noche
$2,100 MXN por noche, inicialmente $3,033 MXN"
Alojamiento en Tepoztlán,Casa el Guayabo en Tepoztlán. Totalmente Nueva,4.87 (103),"$865 MXN 
$783 MXN 
noche
$783 MXN por noche, inicialmente $865 MXN"
Alojamiento en Tepoztlán,5 camas,4.72 (101),"$661 MXN 
noche
$661 MXN por noche"
Cabaña en San Juan Tlacotenco,11–16 de feb.,4.68 (19),"$1,250 MXN 
noche
$1,250 MXN por noche"
Suite con entrada independiente en Tepoztlán,Oasis en la montaña Casa Aluna,4.83 (343),"$1,022 MXN 
noche
$1,022 MXN por noche"
Casa de campo en Tepoztlán,4 camas,4.91 (43),"$2,070 MXN 
noche
$2,070 MXN por noche"
Casa particular en Tepoztlan,5–10 de feb.,4.96 (148),"$3,353 MXN 
noche
$3,353 MXN por noche"
Habitación en Tepoztlán,M6. Alojamiento ideal para explorar Tepoztlán,4.92 (604),"$590 MXN 
noche
$590 MXN por noche"
Tienda de campaña en Santo Domingo Ocotitlán,1 cama,4.96 (144),"$2,120 MXN 
noche
$2,120 MXN por noche"
Habitación en Tepoztlán,5–10 de feb.,4.85 (85),"$666 MXN 
$533 MXN 
noche
$533 MXN por noche, inicialmente $666 MXN"
Departamento en Tepoztlán,MH4. Céntrico y auténtico en Tepoztlán,4.78 (95),"$720 MXN 
noche
$720 MXN por noche"
Suite con entrada independiente en Tepoztlán,2 camas,4.97 (68),"$1,950 MXN 
noche
$1,950 MXN por noche"
Habitación en Tepoztlán,25 de feb. – 1 de mar.,4.74 (53),"$350 MXN 
noche
$350 MXN por noche"
Departamento en Tepoztlán,Cabaña Plus en el bosque,4.93 (281),"$2,176 MXN 
$1,026 MXN 
noche
$1,026 MXN por noche, inicialmente $2,176 MXN"
Casa de campo en Tepoztlán,1 cama,4.84 (57),"$6,480 MXN 
noche
$6,480 MXN por noche"
Residencia en Tepoztlán,18–23 de feb.,5.0 (3),"$10,000 MXN 
noche
$10,000 MXN por noche"
Bungalow en Tepoztlán,Estudio de Escultora en Tepoztlan,4.77 (578),"$2,340 MXN 
$1,440 MXN 
noche
$1,440 MXN por noche, inicialmente $2,340 MXN"
Habitación en Tepoztlán,3 camas tamaño matrimonial,5.0 (73),"$898 MXN 
noche
$898 MXN por noche"
Cabaña en Tepoztlán,18–23 de feb.,5.0 (5),"$2,244 MXN 
noche
$2,244 MXN por noche"
Habitación en Tepoztlán,Quédate con Erendira,5.0 (33),"$916 MXN 
noche
$916 MXN por noche"
Casa de huéspedes en Tepoztlán,"Marom, acogedor mini loft",4.84 (523),"$1,310 MXN 
noche
$1,310 MXN por noche"
Residencia en Tepoztlán,11–16 de feb.,4.84 (260),"$2,296 MXN 
noche
$2,296 MXN por noche"
Domo en Tepoztlán,"Casa Galería, entre árboles",4.82 (114),"$879 MXN 
noche
$879 MXN por noche"
Alojamiento en Tepoztlán,7 camas,4.77 (100),"$949 MXN 
$860 MXN 
noche
$860 MXN por noche, inicialmente $949 MXN"
Alojamiento en Tepoztlán,10–15 de mar.,4.78 (94),"$906 MXN 
noche
$906 MXN por noche"
Habitación en Tepoztlán,Quédate con Erendira,4.81 (333),"$1,022 MXN 
noche
$1,022 MXN por noche"
Suite con entrada independiente en Tepoztlán,Habitación Corazón Azul,4.89 (120),"$1,436 MXN 
$1,120 MXN 
noche
$1,120 MXN por noche, inicialmente $1,436 MXN"
Suite con entrada independiente en Tepoztlán,11–16 de feb.,4.83 (357),"$1,310 MXN 
$1,157 MXN 
noche
$1,157 MXN por noche, inicialmente $1,310 MXN"
Residencia en Tepoztlán,"Hermoso, céntrico, equipado, jardín, fibra óptica",4.5 (6),"$947 MXN 
noche
$947 MXN por noche"
Alojamiento en Tepoztlán,2 camas,Nuevo,"$1,300 MXN 
$1,040 MXN 
noche
$1,040 MXN por noche, inicialmente $1,300 MXN"
Habitación en Tepoztlán,22–27 de feb.,4.59 (163),"$597 MXN 
noche
$597 MXN por noche"
Habitación en Tepoztlán,Hermosa casa con vista el cerro del Tepozteco,4.73 (15),"$349 MXN 
noche
$349 MXN por noche"
Habitación en Tepoztlán,7 camas,Nuevo,"$799 MXN 
noche
$799 MXN por noche"
Casa de huéspedes en Tepoztlán,5–10 de feb.,Nuevo,"$1,900 MXN 
noche
$1,900 MXN por noche"
Residencia en Tepoztlán,Encanto Colonial en Tepoztlán/alberca y vista,4.93 (28),"$4,800 MXN 
$4,080 MXN 
noche
$4,080 MXN por noche, inicialmente $4,800 MXN"
Habitación en Tepoztlán,4 camas,4.89 (132),"$900 MXN 
noche
$900 MXN por noche"
Bed and breakfast en Tepoztlán,5–10 de feb.,Nuevo,"$950 MXN 
noche
$950 MXN por noche"
Alojamiento en Tepoztlán,"Quédate con Daniela
,",Nuevo,"$850 MXN 
$680 MXN 
noche
$680 MXN por noche, inicialmente $850 MXN"
Cabaña en Tepoztlán,"Increíble cabaña en Valle de Atongo, Tepoztlan",4.95 (40),"$1,623 MXN 
noche
$1,623 MXN por noche"
Habitación en Tepoztlán,18–23 de feb.,4.82 (28),"$639 MXN 
noche
$639 MXN por noche"
Casa de huéspedes en Tepoztlán,Habitación céntrica,4.95 (21),"$1,450 MXN 
noche
$1,450 MXN por noche"
Habitación en Tepoztlán,1 cama,4.9 (400),"$597 MXN 
noche
$597 MXN por noche"
Loft en Tepoztlán,1–6 de feb.,4.77 (220),"$1,950 MXN 
noche
$1,950 MXN por noche"
Domo en Tepoztlán,Habitación flor de la pasión,4.72 (97),"$799 MXN 
noche
$799 MXN por noche"
Alojamiento en Tepoztlán,1 cama,Nuevo,"$900 MXN 
$720 MXN 
noche
$720 MXN por noche, inicialmente $900 MXN"
Habitación en Tepoztlán,1–6 de feb.,4.94 (252),"$699 MXN 
noche
$699 MXN por noche"
Residencia en Tepoztlán,La Casa de Laila,4.82 (103),"$4,502 MXN 
$3,378 MXN 
noche
$3,378 MXN por noche, inicialmente $4,502 MXN"
Hotel en Tepoztlán,1 cama tamaño queen,4.96 (55),"$2,277 MXN 
noche
$2,277 MXN por noche"
Chalet en Tepoztlán,18–23 de feb.,4.85 (192),"$2,100 MXN 
noche
$2,100 MXN por noche"
Casa de huéspedes en Tepoztlán,"Quédate con Aldea Makaua
,",4.89 (18),"$576 MXN 
noche
$576 MXN por noche"
Alojamiento en Tepoztlán,MH2. Encanto y comodidad en el centro de Tepoztlán,4.87 (239),"$900 MXN 
noche
$900 MXN por noche"
Cabaña en Santo Domingo Ocotitlan,11–16 de feb.,4.86 (114),"$2,400 MXN 
$2,112 MXN 
noche
$2,112 MXN por noche, inicialmente $2,400 MXN"
Residencia en Tepoztlán,Casa Colibrí,4.95 (133),"$5,900 MXN 
noche
$5,900 MXN por noche"
Villa en Tepoztlán,6 camas,5.0 (32),"$12,526 MXN 
noche
$12,526 MXN por noche"
Hostal en Tepoztlán,19–24 de feb.,4.8 (61),"$828 MXN 
noche
$828 MXN por noche"
Habitación en Tepoztlán,Casa SOL y LUNA,4.92 (66),"$1,020 MXN 
$796 MXN 
noche
$796 MXN por noche, inicialmente $1,020 MXN"
Alojamiento en Tepoztlán,Frente al agua,4.87 (93),"$1,450 MXN 
$1,276 MXN 
noche
$1,276 MXN por noche, inicialmente $1,450 MXN"
Cabaña en Colonia del Carmen,26 de feb. – 2 de mar.,4.81 (36),"$2,136 MXN 
noche
$2,136 MXN por noche"
Habitación en San Juan Tlacotenco,Habitación Quetzal,4.89 (19),"$775 MXN 
noche
$775 MXN por noche"
Habitación en Tepoztlán,,4.9 (21),"$750 MXN 
noche
$750 MXN por noche"
Residencia en Tepoztlán,11–16 de feb.,4.92 (53),"$4,434 MXN 
$3,823 MXN 
noche
$3,823 MXN por noche, inicialmente $4,434 MXN"
Residencia en Tepoztlán,"Quédate con Aida
,",4.5 (26),"$2,591 MXN 
noche
$2,591 MXN por noche"
Residencia en Tepoztlán,"Suite con cocineta , centro de Tepoztlán",4.83 (317),"$3,650 MXN 
noche
$3,650 MXN por noche"
Casa de campo en Tepoztlán,18–23 de feb.,4.62 (26),"$6,300 MXN 
noche
$6,300 MXN por noche"
Loft en Tepoztlán,"Lagartija. Suite con cocina, centro de Tepoztlán.",4.69 (26),"$803 MXN 
noche
$803 MXN por noche"
Residencia en Tepoztlán,2 camas,4.76 (317),"$1,180 MXN 
noche
$1,180 MXN por noche"
Suite con entrada independiente en Tepoztlán,1–6 de feb.,4.94 (207),"$1,520 MXN 
$1,338 MXN 
noche
$1,338 MXN por noche, inicialmente $1,520 MXN"
Suite con entrada independiente en Tepoztlán,Loft con piscina privada y vista a la montaña,4.86 (377),"$1,263 MXN 
noche
$1,263 MXN por noche"
Suite con entrada independiente en Tepoztlán,1 cama tamaño queen,4.99 (69),"$1,900 MXN 
noche
$1,900 MXN por noche"
Minicasa en Tepoztlán,11–16 de feb.,5.0 (17),"$1,992 MXN 
$1,594 MXN 
noche
$1,594 MXN por noche, inicialmente $1,992 MXN"
Hotel en Tepoztlán,Posada Sarita,4.57 (204),"$800 MXN 
noche
$800 MXN por noche"
Hotel en Tepoztlán,1 cama,4.92 (61),"$2,600 MXN 
noche
$2,600 MXN por noche"
Casa de huéspedes en Tepoztlán,5–10 de feb.,4.93 (76),"$600 MXN 
noche
$600 MXN por noche"
Habitación en Tepoztlán,Tatala Hotel Hermosa habitación. 2 camas en la azotea y piscina.,4.73 (40),"$697 MXN 
$550 MXN 
noche
$550 MXN por noche, inicialmente $697 MXN"
Habitación en Tepoztlán,2 camas,4.85 (129),"$666 MXN 
$586 MXN 
noche
$586 MXN por noche, inicialmente $666 MXN"
Bungalow en Tepoztlán,18–23 de feb.,4.83 (58),"$2,300 MXN 
noche
$2,300 MXN por noche"
Alojamiento en Tepoztlán,Bienvenidos a Casa Xochitl,4.99 (77),"$980 MXN 
noche
$980 MXN por noche"
Casa de campo en Santo Domingo Ocotitlán,1 cama,4.73 (40),"$2,160 MXN 
noche
$2,160 MXN por noche"
Habitación en Tepoztlán,1–6 de feb.,Nuevo,"$1,079 MXN 
noche
$1,079 MXN por noche"
Residencia en Tepoztlán,"Quédate con Edith
,
 · Mamá",5.0 (9),"$8,118 MXN 
noche
$8,118 MXN por noche"
Alojamiento ecológico en Tepoztlan,Cabaña Pipiyoli Tepoztlán,4.81 (200),"$916 MXN 
noche
$916 MXN por noche"
Villa en Tepoztlán,4–9 de feb.,4.91 (105),"$4,990 MXN 
noche
$4,990 MXN por noche"
Alojamiento en Tepoztlán,"Quédate con Lenni
,",4.9 (422),"$1,190 MXN 
noche
$1,190 MXN por noche"
Habitación en Tepoztlán,Cama Queen Mini Balcón baño propio Huitzilin,4.25 (4),"$699 MXN 
$631 MXN 
noche
$631 MXN por noche, inicialmente $699 MXN"
Cabaña en Tepoztlan,5–10 de feb.,4.88 (96),"$1,632 MXN 
$1,032 MXN 
noche
$1,032 MXN por noche, inicialmente $1,632 MXN"
Habitación en Tepoztlán,Bungaló totalmente equipado,4.55 (64),"$699 MXN 
$631 MXN 
noche
$631 MXN por noche, inicialmente $699 MXN"
Departamento en Tepoztlán,3 camas,4.93 (183),"$1,630 MXN 
noche
$1,630 MXN por noche"
Habitación en Tepoztlán,12–17 de feb.,4.89 (253),"$782 MXN 
$664 MXN 
noche
$664 MXN por noche, inicialmente $782 MXN"
Suite con entrada independiente en Tepoztlán,"Casa Manantiales: terraza privada, jardín, alberca",4.9 (295),"$1,390 MXN 
noche
$1,390 MXN por noche"
Cabaña en Tepoztlán,2 camas,4.88 (194),"$1,250 MXN 
noche
$1,250 MXN por noche"
Loft en Tepoztlán,5–10 de feb.,4.89 (37),"$1,100 MXN 
noche
$1,100 MXN por noche"
Habitación en Tepoztlán,Santuario Avalon : Casa Samadhi,4.82 (185),"$650 MXN 
noche
$650 MXN por noche"
Alojamiento vacacional en Tepoztlán,1 cama matrimonial,5.0 (12),"$1,370 MXN 
noche
$1,370 MXN por noche"
Minicasa en Tepoztlán,4–9 de feb.,4.82 (11),"$1,138 MXN 
noche
$1,138 MXN por noche"
Residencia en Santo Domingo Ocotitlán,Acogedor estudio céntrico,4.81 (36),"$3,129 MXN 
$1,947 MXN 
noche
$1,947 MXN por noche, inicialmente $3,129 MXN"
Habitación en Tepoztlán,2 camas,4.8 (91),"$1,325 MXN 
noche
$1,325 MXN por noche"
Bed and breakfast en Tepoztlán,1–6 de feb.,Nuevo,"$1,060 MXN 
noche
$1,060 MXN por noche"
Habitación en Tepoztlán,"Quédate con Yadhira
,",4.86 (79),"$510 MXN 
noche
$510 MXN por noche"
Habitación en Tepoztlán,Habitación roof garden Colibrí 3,4.38 (8),"$399 MXN 
noche
$399 MXN por noche"
Habitación en Tepoztlán,18–23 de feb.,4.88 (51),"$1,350 MXN 
noche
$1,350 MXN por noche"
Granero en Tepoztlán,"Hermoso Departamento, a 10 min del centro",4.82 (143),"$480 MXN 
noche
$480 MXN por noche"
Suite con entrada independiente en Tepoztlán,2 camas tamaño matrimonial,4.75 (61),"$950 MXN 
noche
$950 MXN por noche"
Loft en Tepoztlán,1–6 de feb.,4.73 (194),"$851 MXN 
$723 MXN 
noche
$723 MXN por noche, inicialmente $851 MXN"
Casa de campo en Tepoztlán,Zona tranquila de Minihouse Super Cool,4.68 (40),"$2,250 MXN 
noche
$2,250 MXN por noche"
Villa en Tepoztlán,1 cama matrimonial,4.7 (94),"$6,250 MXN 
noche
$6,250 MXN por noche"
Residencia en Tepoztlán,25 de feb. – 1 de mar.,5.0 (16),"$10,944 MXN 
noche
$10,944 MXN por noche"
Suite con entrada independiente en Tepoztlán,"Jardín mágico y vista: suite de 2 habitaciones, 4 personas",4.73 (15),"$1,083 MXN 
noche
$1,083 MXN por noche"
Habitación en Tepoztlán,3 camas,4.89 (363),"$990 MXN 
noche
$990 MXN por noche"
Habitación en Tepoztlán,1–6 de feb.,4.87 (110),"$518 MXN 
$440 MXN 
noche
$440 MXN por noche, inicialmente $518 MXN"
Cabaña en Colonia del Carmen,"Quédate con Finca La Casona
,",4.91 (32),"$1,491 MXN 
noche
$1,491 MXN por noche"
Suite con entrada independiente en Tepoztlán,"Junior Suite ""Finca La Casona""",4.67 (15),"$900 MXN 
noche
$900 MXN por noche"
Suite con entrada independiente en Tepoztlán,4–9 de feb.,4.95 (83),"$1,314 MXN 
noche
$1,314 MXN por noche"
Residencia en Tepoztlán,"Quédate con Lenni
,",4.63 (177),"$3,000 MXN 
noche
$3,000 MXN por noche"
Habitación en Tepoztlán,NAUI CALLI ~ habitación Coyotl,Nuevo,"$900 MXN 
noche
$900 MXN por noche"
Hotel en Tepoztlán,4–9 de feb.,4.45 (11),"$1,981 MXN 
$1,000 MXN 
noche
$1,000 MXN por noche, inicialmente $1,981 MXN"
Casa de huéspedes en Tepoztlán,Precioso Loft vanguardista con jardín y terraza,4.98 (178),"$3,052 MXN 
noche
$3,052 MXN por noche"
Cabaña en Tepoztlán,1 cama tamaño king,4.91 (11),"$4,112 MXN 
noche
$4,112 MXN por noche"
Habitación en Tepoztlán,3–8 de mar.,4.78 (152),"$998 MXN 
noche
$998 MXN por noche"
Hostal en Tepoztlán,Suite con vistas a la montaña y al jardín 2,4.69 (48),"$1,193 MXN 
noche
$1,193 MXN por noche"
Residencia en Tepoztlán,1 cama,4.94 (244),"$5,058 MXN 
noche
$5,058 MXN por noche"
Casa de huéspedes en Tepoztlán,5–10 de feb.,4.92 (38),"$620 MXN 
noche
$620 MXN por noche"
Cabaña en Tepoztlán,Quinta y Tepoz: un espacio acogedor en el valle,4.9 (205),"$1,651 MXN 
$1,285 MXN 
noche
$1,285 MXN por noche, inicialmente $1,651 MXN"
Residencia en Tepoztlán,2 camas,5.0 (34),"$1,200 MXN 
noche
$1,200 MXN por noche"
Casa de campo en Tepoztlán,1–6 de feb.,4.79 (166),"$1,800 MXN 
noche
$1,800 MXN por noche"
Bungalow en Tepoztlán,Santuario de Avalon: Casa Satori,4.84 (241),"$1,750 MXN 
noche
$1,750 MXN por noche"
Residencia en Tepoztlán,1 cama matrimonial,4.84 (256),"$4,690 MXN 
noche
$4,690 MXN por noche"
Habitación en Tepoztlán,5–10 de feb.,4.83 (29),"$502 MXN 
noche
$502 MXN por noche"
Cabaña en Tepoztlán,Tepoztlan Finca La Presita,4.9 (77),"$3,527 MXN 
noche
$3,527 MXN por noche"
Casa de huéspedes en Tepoztlán,6 camas tamaño matrimonial,4.88 (57),"$600 MXN 
noche
$600 MXN por noche"
Alojamiento en Tepoztlán,5–10 de feb.,4.94 (80),"$1,199 MXN 
noche
$1,199 MXN por noche"
Residencia en Tepoztlán,"Quédate con Nory
,",4.97 (195),"$2,030 MXN 
noche
$2,030 MXN por noche"
Casa de huéspedes en Tepoztlán,La casita entre las rocas.,4.96 (51),"$660 MXN 
noche
$660 MXN por noche"
Departamento en Tepoztlan,1–6 de feb.,4.44 (102),"$510 MXN 
noche
$510 MXN por noche"
Villa en Tepoztlán,"Cabaña Geométrica con Piscina privada ""Eiger""",4.79 (57),"$2,710 MXN 
noche
$2,710 MXN por noche"
Residencia en Tepoztlán,1 cama tamaño queen,4.69 (347),"$5,500 MXN 
noche
$5,500 MXN por noche"
Hotel boutique en Tepoztlán,25 de feb. – 1 de mar.,4.86 (44),"$2,160 MXN 
noche
$2,160 MXN por noche"
Hotel boutique en Tepoztlán,Casa Xochitl habitación Tepoztlán,4.69 (36),"$2,620 MXN 
noche
$2,620 MXN por noche"
Alojamiento en Tepoztlán,1 cama,4.58 (193),"$720 MXN 
noche
$720 MXN por noche"
Habitación en Tepoztlán,1–6 de feb.,4.56 (34),"$586 MXN 
noche
$586 MXN por noche"
Casa de huéspedes en Tepoztlán,Chalet Paraíso,4.92 (132),"$1,100 MXN 
noche
$1,100 MXN por noche"
Residencia en Santo Domingo Ocotitlán,1 cama tamaño queen,4.71 (7),"$9,497 MXN 
$6,229 MXN 
noche
$6,229 MXN por noche, inicialmente $9,497 MXN"
Suite con entrada independiente en Tepoztlán,5–10 de feb.,4.98 (96),"$999 MXN 
noche
$999 MXN por noche"
Alojamiento en Tepoztlán,"Cabaña Darwin, despierta en un lugar mágico",4.87 (103),"$2,000 MXN 
$1,700 MXN 
noche
$1,700 MXN por noche, inicialmente $2,000 MXN"
Residencia en Tepoztlán,1 cama tamaño queen,4.92 (62),"$6,500 MXN 
noche
$6,500 MXN por noche"
Villa en Tepoztlán,4–9 de feb.,4.84 (102),"$11,982 MXN 
$10,000 MXN 
noche
$10,000 MXN por noche, inicialmente $11,982 MXN"
Residencia en Santiago Tepetlapa,Casa Catamarca,4.97 (144),"$3,480 MXN 
noche
$3,480 MXN por noche"
Alojamiento en Tepoztlán,5 camas tamaño matrimonial,4.88 (76),"$1,572 MXN 
noche
$1,572 MXN por noche"
Residencia en Tepoztlán,5–10 de feb.,4.75 (8),"$1,280 MXN 
noche
$1,280 MXN por noche"
Habitación en Tepoztlán,Increíble casa en Tepoztlán,4.72 (165),"$628 MXN 
noche
$628 MXN por noche"
Residencia en Tepoztlán,8 camas,5.0 (4),"$6,400 MXN 
noche
$6,400 MXN por noche"
Tienda de campaña en Morelos,5–10 de feb.,5.0 (23),"$1,140 MXN 
noche
$1,140 MXN por noche"
Loft en Tepoztlán,Casa Atoyal - Santiago/Tepoztlán pueblo mágico.,5.0 (15),"$1,250 MXN 
noche
$1,250 MXN por noche"
Casa de campo en Tepoztlán,7 camas,4.75 (28),"$2,502 MXN 
noche
$2,502 MXN por noche"
Bungalow en Tepoztlán,5–10 de mar.,4.98 (51),"$1,380 MXN 
noche
$1,380 MXN por noche"
Suite con entrada independiente en Tepoztlán,"SPA ""El secreto CDJ"" en Tepoztlán",4.66 (29),"$570 MXN 
noche
$570 MXN por noche"
Residencia en Tepoztlán,1 cama matrimonial,4.69 (35),"$12,011 MXN 
noche
$12,011 MXN por noche"
Residencia en Tepoztlán,1–6 de feb.,4.69 (146),"$1,399 MXN 
noche
$1,399 MXN por noche"
Alojamiento en Tepoztlán,"CasAmada, una joya en el corazón de Tepoztlán",5.0 (10),"$1,500 MXN 
noche
$1,500 MXN por noche"
Casa de campo en Tepoztlán,3 camas,4.83 (279),"$4,260 MXN 
$3,834 MXN 
noche
$3,834 MXN por noche, inicialmente $4,260 MXN"
Habitación en Tepoztlán,13–18 de feb.,4.94 (90),"$1,380 MXN 
$1,035 MXN 
noche
$1,035 MXN por noche, inicialmente $1,380 MXN"
Casa de campo en Tepoztlán,Suspiro Tepoztlán,4.57 (170),"$1,360 MXN 
noche
$1,360 MXN por noche"
Bungalow en Tepoztlán,2 camas tamaño king,Nuevo,"$1,196 MXN 
$1,032 MXN 
noche
$1,032 MXN por noche, inicialmente $1,196 MXN"
Casa de campo en Tepoztlán,20–25 de feb.,4.67 (18),"$7,200 MXN 
noche
$7,200 MXN por noche"
Villa en Tepoztlán,Tonantzin bungalow céntrico,4.87 (94),"$7,470 MXN 
noche
$7,470 MXN por noche"
Residencia en Tepoztlán,2 camas,5.0 (9),"$1,178 MXN 
noche
$1,178 MXN por noche"
Alojamiento en Tepoztlán,1–6 de feb.,5.0 (3),"$960 MXN 
noche
$960 MXN por noche"
Casa adosada en Tepoztlán,El Laurel - Tepoztlán,4.82 (244),"$876 MXN 
noche
$876 MXN por noche"
Residencia en Tepoztlán,8 camas,4.88 (85),"$3,400 MXN 
noche
$3,400 MXN por noche"
Habitación en Tepoztlán - Ocotitlán 856,11–16 de mar.,4.98 (129),"$1,820 MXN 
noche
$1,820 MXN por noche"
Casa de huéspedes en Tepoztlán,"Las Pontigas Tepoztlan 6800 jardin, alberca",4.88 (67),"$600 MXN 
noche
$600 MXN por noche"
Habitación en Tepoztlán,12 camas,4.96 (91),"$522 MXN 
noche
$522 MXN por noche"
Residencia en Tepoztlán,6–11 de feb.,4.83 (23),"$1,375 MXN 
noche
$1,375 MXN por noche"
Villa en Tepoztlán,Casa de adobe en la zona centro,4.69 (245),"$3,850 MXN 
noche
$3,850 MXN por noche"
Habitación en Tepoztlán,3 camas,5.0 (21),"$750 MXN 
noche
$750 MXN por noche"
Residencia en Tepoztlán,4–9 de feb.,4.98 (120),"$4,380 MXN 
noche
$4,380 MXN por noche"
Residencia en Tepoztlán,Cabañita con áreas verdes y muy céntrica,4.89 (93),"$2,104 MXN 
noche
$2,104 MXN por noche"
Villa en Tepoztlán,1 cama tamaño king,4.84 (64),"$2,400 MXN 
noche
$2,400 MXN por noche"
Contenedor de carga en Tepoztlán,1–6 de feb.,4.85 (54),"$2,820 MXN 
noche
$2,820 MXN por noche"
Habitación en Tepoztlán,"Quédate con Fernando
,",4.81 (124),"$838 MXN 
noche
$838 MXN por noche"
Cabaña en Colonia del Carmen,Centrico+Jacuzzi+Jardín+Terraza+Hamacas5,4.89 (84),"$1,390 MXN 
noche
$1,390 MXN por noche"
Residencia en Tepoztlán,18–23 de feb.,4.92 (214),"$5,800 MXN 
noche
$5,800 MXN por noche"
Habitación en Tepoztlán,Hermoso y acogedor loft con vista a las montañas,4.93 (179),"$1,600 MXN 
$1,408 MXN 
noche
$1,408 MXN por noche, inicialmente $1,600 MXN"
Condominio en Tepoztlán,2 camas tamaño king,4.99 (146),"$888 MXN 
noche
$888 MXN por noche"
Residencia en Tepoztlán,11–16 de feb.,4.9 (30),"$1,700 MXN 
noche
$1,700 MXN por noche"
Habitación en Tepoztlán,Casa Valle Místico,4.85 (123),"$1,250 MXN 
noche
$1,250 MXN por noche"
Habitación en Tepoztlán,3 camas,4.76 (115),"$650 MXN 
noche
$650 MXN por noche"
Residencia en Tepoztlán,5–10 de feb.,4.64 (39),"$7,200 MXN 
noche
$7,200 MXN por noche"
Habitación en Tepoztlán,"Quédate con Aida
,",4.94 (161),"$950 MXN 
noche
$950 MXN por noche"
Residencia en Tepoztlán,Suite para 4 personas a 2 cuadras del centro,4.69 (91),"$6,500 MXN 
noche
$6,500 MXN por noche"
Departamento en Tepoztlán,4–9 de feb.,4.57 (76),"$1,147 MXN 
noche
$1,147 MXN por noche"
Habitación en Santo Domingo Ocotitlán,Tenextepanco. Acogedor apartamento para dos.,4.98 (106),"$1,620 MXN 
noche
$1,620 MXN por noche"
Tipi en Tepoztlán,1 cama matrimonial,4.43 (23),"$841 MXN 
$500 MXN 
noche
$500 MXN por noche, inicialmente $841 MXN"
Casa de huéspedes en Tepoztlán,6–11 de mar.,4.89 (287),"$783 MXN 
noche
$783 MXN por noche"
Bungalow en Tepoztlán,Casa estilo Gaudí en Tepoztlán,4.85 (40),"$2,276 MXN 
noche
$2,276 MXN por noche"
Residencia en Tepoztlán,1 sofá cama,4.65 (168),"$2,052 MXN 
noche
$2,052 MXN por noche"
Departamento en Tepoztlán,11–16 de feb.,4.86 (22),"$1,500 MXN 
noche
$1,500 MXN por noche"
Alojamiento en Tepoztlán,Habitación Girasol,Nuevo,"$1,400 MXN 
$1,120 MXN 
noche
$1,120 MXN por noche, inicialmente $1,400 MXN"
Habitación en Tepoztlán,1 cama,Nuevo,"$604 MXN 
noche
$604 MXN por noche"
Residencia en Tepoztlán,1–6 de feb.,4.95 (93),"$15,366 MXN 
noche
$15,366 MXN por noche"
Hotel en Tepoztlán,"Quédate con Abraham
,",4.8 (5),"$850 MXN 
noche
$850 MXN por noche"
Casa de campo en Tepoztlán,Casa Sauces h.2,4.75 (121),"$11,800 MXN 
noche
$11,800 MXN por noche"
Villa en Tepoztlán,1–6 de feb.,4.83 (36),"$4,250 MXN 
noche
$4,250 MXN por noche"
Residencia en Tepoztlán,Casa Prisma,4.76 (174),"$3,450 MXN 
noche
$3,450 MXN por noche"
Hotel en Tepoztlán,10 camas,4.73 (201),"$629 MXN 
noche
$629 MXN por noche"
Habitación en Tepoztlán,17–22 de mar.,4.75 (16),"$449 MXN 
noche
$449 MXN por noche"
Casa de campo en Tepoztlán,"Hospedaje Tlalocan Habitación ""Agua""",4.73 (221),"$1,350 MXN 
noche
$1,350 MXN por noche"
Residencia en Tepoztlán Morelos,1 cama matrimonial,4.88 (226),"$1,364 MXN 
noche
$1,364 MXN por noche"
Suite con entrada independiente en Tepoztlán,4–9 de feb.,4.89 (35),"$1,050 MXN 
noche
$1,050 MXN por noche"
Habitación en Tepoztlán,"Casa Corazón: ALBERCA, JACUZZI Y SERVICIO INCLUIDO",4.95 (78),"$1,390 MXN 
noche
$1,390 MXN por noche"
Suite con entrada independiente en Tepoztlán,8 camas,4.95 (73),"$2,222 MXN 
noche
$2,222 MXN por noche"
Alojamiento en Tepoztlán,1–6 de feb.,4.88 (78),"$1,900 MXN 
$1,672 MXN 
noche
$1,672 MXN por noche, inicialmente $1,900 MXN"
Departamento en Tepoztlán,Tepoztlán Finca BUDA,4.88 (51),"$1,000 MXN 
noche
$1,000 MXN por noche"
Hotel en Tepoztlán,5 camas,4.82 (33),"$950 MXN 
noche
$950 MXN por noche"
Villa en Tepoztlán,11–16 de feb.,5.0 (7),"$11,000 MXN 
noche
$11,000 MXN por noche"
Hotel en Tepoztlán,"Hospedaje Tlalocan Habitación ""Fuego""",Nuevo,"$850 MXN 
noche
$850 MXN por noche"
Hotel en Tepoztlán,1 cama matrimonial,4.74 (227),"$699 MXN 
noche
$699 MXN por noche"
Casa de huéspedes en Tepoztlán,1–6 de feb.,4.76 (17),"$619 MXN 
$560 MXN 
noche
$560 MXN por noche, inicialmente $619 MXN"
Departamento en Tepoztlán,"Lindos cuartos - Tepoztlán, Morelos",4.91 (117),"$1,363 MXN 
noche
$1,363 MXN por noche"
Departamento en Tepoztlán,5 camas tamaño matrimonial,4.89 (89),"$1,600 MXN 
noche
$1,600 MXN por noche"
Hotel boutique en Tepoztlán,1–6 de feb.,4.88 (32),"$2,320 MXN 
noche
$2,320 MXN por noche"
Habitación en Tepoztlán,Hab King Pipiyoli Tepoztlán,4.79 (246),"$801 MXN 
noche
$801 MXN por noche"
Casa de huéspedes en Tepoztlán,,5.0 (10),"$1,000 MXN 
noche
$1,000 MXN por noche"
Bed and breakfast en Tepoztlán,5–10 de feb.,4.83 (80),"$1,090 MXN 
noche
$1,090 MXN por noche"
Hotel en Tepoztlán,"OCASO // Depto con jardín, alberca y montaña",4.57 (150),"$1,000 MXN 
noche
$1,000 MXN por noche"
Loft en Tepoztlán,3 camas,4.86 (14),"$1,290 MXN 
noche
$1,290 MXN por noche"
Bungalow en Tepoztlan,13–18 de feb.,4.75 (12),"$1,398 MXN 
$1,230 MXN 
noche
$1,230 MXN por noche, inicialmente $1,398 MXN"
Hotel en Tepoztlán,Departamento Tepoztlan El Chinelo,4.33 (3),"$850 MXN 
noche
$850 MXN por noche"
Casa de campo en Tepoztlán,2 camas,4.91 (101),"$6,864 MXN 
noche
$6,864 MXN por noche"
Residencia en Santa Elena,4–9 de feb.,Nuevo,"$4,015 MXN 
$3,212 MXN 
noche
$3,212 MXN por noche, inicialmente $4,015 MXN"
Habitación en Tepoztlán,3 - Villa Tatala hermosa 2 camas con piscina,4.91 (34),"$860 MXN 
noche
$860 MXN por noche"
Loft en Colonia del Carmen,2 camas,5.0 (8),"$1,453 MXN 
$986 MXN 
noche
$986 MXN por noche, inicialmente $1,453 MXN"
Habitación en Santo Domingo Ocotitlán,11–16 de feb.,Nuevo,"$1,250 MXN 
$1,000 MXN 
noche
$1,000 MXN por noche, inicialmente $1,250 MXN"
Habitación en Tepoztlán,"Quédate con Fernando
,",4.84 (77),"$859 MXN 
noche
$859 MXN por noche"
Residencia en Tepoztlán,Centro+Jacuzzi+Jardín+Hamacas+Vistas increíbles&mor9,4.74 (61),"$1,620 MXN 
noche
$1,620 MXN por noche"
Minicasa en Morelos,25 de feb. – 1 de mar.,4.91 (32),"$1,990 MXN 
$1,592 MXN 
noche
$1,592 MXN por noche, inicialmente $1,990 MXN"
Casa de campo en Tepoztlán,Casa Mexcalli,4.87 (119),"$2,160 MXN 
noche
$2,160 MXN por noche"
Casa de huéspedes en Tepoztlán,4 camas,4.72 (88),"$1,523 MXN 
$1,230 MXN 
noche
$1,230 MXN por noche, inicialmente $1,523 MXN"
Residencia en Tepoztlán,1–6 de feb.,3.94 (18),"$3,058 MXN 
$1,350 MXN 
noche
$1,350 MXN por noche, inicialmente $3,058 MXN"
Residencia en Tepoztlán,Casa Chuspata. ¡Loft espectacular!,4.79 (63),"$6,100 MXN 
noche
$6,100 MXN por noche"
Habitación en Tepoztlán,1 cama tamaño king,4.93 (192),"$1,817 MXN 
noche
$1,817 MXN por noche"
Hotel en Tepoztlán,1–6 de feb.,5.0 (5),"$2,310 MXN 
noche
$2,310 MXN por noche"
Casa de campo en Tepoztlán,CASITA FUEGO,5.0 (3),"$2,254 MXN 
noche
$2,254 MXN por noche"
Habitación en Tepoztlán,1 cama tamaño king,4.73 (11),"$540 MXN 
noche
$540 MXN por noche"
Tienda de campaña en Tepoztlán,12–17 de feb.,5.0 (45),"$2,060 MXN 
noche
$2,060 MXN por noche"
Residencia en Tepoztlán,Cuarto Azul | Alberca | Jardines | Descanso,4.71 (7),"$13,000 MXN 
noche
$13,000 MXN por noche"
Residencia en Tepoztlán,2 camas,5.0 (7),"$1,290 MXN 
noche
$1,290 MXN por noche"
Residencia en Tepoztlán,1–6 de feb.,4.62 (73),"$3,662 MXN 
noche
$3,662 MXN por noche"
Habitación en Tepoztlán,Casa Agapando | Vistas impresionantes y ubicación privilegiada,4.91 (96),"$950 MXN 
noche
$950 MXN por noche"
Casa de campo en Tepoztlán,5 camas,4.88 (103),"$3,271 MXN 
noche
$3,271 MXN por noche"
Hotel boutique en Tepoztlán,18–23 de feb.,4.42 (55),"$1,438 MXN 
$911 MXN 
noche
$911 MXN por noche, inicialmente $1,438 MXN"
